{
  "BISHAN": [
    1.354995079727733,
    103.83948706457275
  ],
  "BUKIT BATOK": [
    1.35606128844811,
    103.75346855324415
  ],
  "BUKIT MERAH": [
    1.2745876616855059,
    103.82563999349725
  ],
  "BUKIT PANJANG": [
    1.3663324575136073,
    103.77339279106891
  ],
  "BUKIT TIMAH": [
    1.328369602884162,
    103.7909008679585
  ],
  "CENTRAL WATER CATCHMENT": [
    1.376000727376508,
    103.80437894951564
  ],
  "CHANGI": [
    1.3520944416735186,
    103.99896565889365
  ],
  "CHANGI BAY": [
    1.325634488830612,
    104.04981856659711
  ],
  "CHOA CHU KANG": [
    1.387270185354907,
    103.74695348428963
  ],
  "CLEMENTI": [
    1.3164583081283885,
    103.7615558067404
  ],
  "GEYLANG": [
    1.3211925558318935,
    103.88772470083428
  ],
  "NOVENA": [
    1.326119965463232,
    103.83785437728855
  ],
  "PASIR RIS": [
    1.376939659651356,
    103.94715707599005
  ],
  "PAYA LEBAR": [
    1.3605326356407774,
    103.91269240402043
  ],
  "SELETAR": [
    1.416226691373733,
    103.87630025064628
  ],
  "SEMBAWANG": [
    1.4529117984654816,
    103.81980278168895
  ],
  "BEDOK": [
    1.3252041320519306,
    103.92990509596815
  ],
  "BOON LAY": [
    1.315374461704871,
    103.70112642222075
  ],
  "SENGKANG": [
    1.388630632472936,
    103.8849433563586
  ],
  "SERANGOON": [
    1.3659857561148518,
    103.87095974074057
  ],
  "ANG MO KIO": [
    1.3766062891272135,
    103.83883139729797
  ],
  "TENGAH": [
    1.362468647105441,
    103.7273659263306
  ],
  "TOA PAYOH": [
    1.336450651787917,
    103.86243010112966
  ],
  "WESTERN WATER CATCHMENT": [
    1.381525330773838,
    103.69240554375854
  ],
  "YISHUN": [
    1.419263804128387,
    103.8365992279879
  ],
  "DOWNTOWN CORE": [
    1.285903454964672,
    103.85319567978638
  ],
  "MARINA EAST": [
    1.2879906520855706,
    103.87277114217524
  ],
  "NEWTON": [
    1.30848182357638,
    103.83770056081266
  ],
  "ORCHARD": [
    1.3040162059843285,
    103.83294406147655
  ],
  "WOODLANDS": [
    1.441776088894375,
    103.78804795409599
  ],
  "MARINA SOUTH": [
    1.280697548228281,
    103.86547127147553
  ],
  "MUSEUM": [
    1.295910499679833,
    103.84683193396056
  ],
  "HOUGANG": [
    1.3611271146225186,
    103.89157747668324
  ],
  "JURONG EAST": [
    1.3250559623884524,
    103.733527298023
  ],
  "LIM CHU KANG": [
    1.431187144424964,
    103.71830543394094
  ],
  "MANDAI": [
    1.427095013871438,
    103.79905998455882
  ],
  "MARINE PARADE": [
    1.2990814796253025,
    103.89746486449357
  ],
  "NORTH-EASTERN ISLANDS": [
    1.3891019820409811,
    104.0074281515368
  ],
  "PIONEER": [
    1.3098627511456555,
    103.67317131516992
  ],
  "PUNGGOL": [
    1.40371763422706,
    103.9089906407582
  ],
  "QUEENSTOWN": [
    1.2868726867797728,
    103.783411798064
  ],
  "SOUTHERN ISLANDS": [
    1.2362631329677585,
    103.83473066283693
  ],
  "TUAS": [
    1.281879324508283,
    103.6367110867578
  ],
  "JURONG WEST": [
    1.3439685227862426,
    103.70154679305956
  ],
  "KALLANG": [
    1.3121528597796595,
    103.86492145699586
  ],
  "SIMPANG": [
    1.442501095879325,
    103.85285790599193
  ],
  "SUNGEI KADUT": [
    1.4175835397544656,
    103.75572409494441
  ],
  "TAMPINES": [
    1.3449462092418705,
    103.95489421837547
  ],
  "WESTERN ISLANDS": [
    1.228030936551535,
    103.72764001130618
  ],
  "TANGLIN": [
    1.3076125571099275,
    103.81881117296967
  ],
  "OUTRAM": [
    1.281672879586924,
    103.84220736383628
  ],
  "RIVER VALLEY": [
    1.29781262863637,
    103.833259817023
  ],
  "ROCHOR": [
    1.3050021697181466,
    103.8538251786504
  ],
  "SINGAPORE RIVER": [
    1.290873059357543,
    103.8405770757702
  ],
  "STRAITS VIEW": [
    1.270491666708149,
    103.85854914901017
  ]
}